<?xml version="1.0" encoding="UTF-8"?>

<InventoryContent>

    <Facility id="Seattle, WA">
        <item>
            <id>ABC123</id>
            <quantity>45</quantity>
        </item>
        <item>
            <id>JBL3100</id>
            <quantity>52</quantity>
        </item>
        <item>
            <id>PL132-C</id>
            <quantity>4</quantity>
        </item>
        <item>
            <id>PU238</id>
            <quantity>60</quantity>
        </item>
    </Facility>

    <Facility id="San Francisco, CA">
        <item>
            <id>RL123A</id>
            <quantity>40</quantity>
        </item>
        <item>
            <id>XLK200B</id>
            <quantity>8</quantity>
        </item>
        <item>
            <id>SR71-D</id>
            <quantity>81</quantity>
        </item>
        <item>
            <id>CT1928</id>
            <quantity>46</quantity>
        </item>
    </Facility>

    <Facility id="Los Angeles, CA">
        <item>
            <id>RX100-3</id>
            <quantity>57</quantity>
        </item>
        <item>
            <id>JBL3100</id>
            <quantity>60</quantity>
        </item>
        <item>
            <id>E241i</id>
            <quantity>44</quantity>
        </item>
        <item>
            <id>XTP202</id>
            <quantity>32</quantity>
        </item>
    </Facility>

    <Facility id="Phoenix, AZ">
        <item>
            <id>RX100-3</id>
            <quantity>18</quantity>
        </item>
        <item>
            <id>SR71-D</id>
            <quantity>55</quantity>
        </item>
        <item>
            <id>SN-241-L</id>
            <quantity>22</quantity>
        </item>
        <item>
            <id>ZTF109</id>
            <quantity>54</quantity>
        </item>

    </Facility>

    <Facility id="Denver, CO">
        <item>
            <id>ABC123</id>
            <quantity>80</quantity>
        </item>
        <item>
            <id>RL123A</id>
            <quantity>110</quantity>
        </item>
        <item>
            <id>RTF110</id>
            <quantity>100</quantity>
        </item>

    </Facility>

    <Facility id="Santa Fe, NM">
        <item>
            <id>RX100-3</id>
            <quantity>144</quantity>
        </item>
        <item>
            <id>CR2032</id>
            <quantity>280</quantity>
        </item>

    </Facility>

    <Facility id="Fargo, ND">
        <item>
            <id>ABC123</id>
            <quantity>25</quantity>
        </item>
        <item>
            <id>JBL3100</id>
            <quantity>32</quantity>
        </item>
        <item>
            <id>XLK200B</id>
            <quantity>82</quantity>
        </item>

    </Facility>

    <Facility id="Austin, TX">
        <item>
            <id>RL123A</id>
            <quantity>66</quantity>
        </item>
        <item>
            <id>RX100-3</id>
            <quantity>35</quantity>
        </item>
        <item>
            <id>SN-241-L</id>
            <quantity>35</quantity>
        </item>

    </Facility>

    <Facility id="St. Louis, MO">
        <item>
            <id>ABC123</id>
            <quantity>70</quantity>
        </item>
        <item>
            <id>SR71-D</id>
            <quantity>45</quantity>
        </item>
        <item>
            <id>PU238</id>
            <quantity>82</quantity>
        </item>

    </Facility>

    <Facility id="Chicago, IL">
        <item>
            <id>ABC123</id>
            <quantity>60</quantity>
        </item>
        <item>
            <id>E241i</id>
            <quantity>64</quantity>
        </item>
        <item>
            <id>CT1928</id>
            <quantity>20</quantity>
        </item>
        <item>
            <id>RTF110</id>
            <quantity>110</quantity>
        </item>
        <item>
            <id>XTP202</id>
            <quantity>20</quantity>
        </item>

    </Facility>

    <Facility id="New Orleans, LA">
        <item>
            <id>MM35P</id>
            <quantity>200</quantity>
        </item>
        <item>
            <id>PU238</id>
            <quantity>49</quantity>
        </item>
        <item>
            <id>ZTF109</id>
            <quantity>120</quantity>
        </item>

    </Facility>

    <Facility id="Nashville, TN">
        <item>
            <id>RX100-3</id>
            <quantity>78</quantity>
        </item>
        <item>
            <id>XLK200B</id>
            <quantity>28</quantity>
        </item>
        <item>
            <id>CR2032</id>
            <quantity>366</quantity>
        </item>
        <item>
            <id>SN-241-L</id>
            <quantity>16</quantity>
        </item>

    </Facility>

    <Facility id="Detroit, MI">
        <item>
            <id>JBL3100</id>
            <quantity>117</quantity>
        </item>
        <item>
            <id>SR71-D</id>
            <quantity>45</quantity>
        </item>
        <item>
            <id>CT1928</id>
            <quantity>72</quantity>
        </item>

    </Facility>

    <Facility id="Boston, MA">
        <item>
            <id>MM35P</id>
            <quantity>47</quantity>
        </item>
        <item>
            <id>PL132-C</id>
            <quantity>3</quantity>
        </item>
        <item>
            <id>CT1928</id>
            <quantity>65</quantity>
        </item>

    </Facility>

    <Facility id="New York City, NY">
        <item>
            <id>RL123A</id>
            <quantity>12</quantity>
        </item>
        <item>
            <id>CR2032</id>
            <quantity>132</quantity>
        </item>
        <item>
            <id>E241i</id>
            <quantity>72</quantity>
        </item>
        <item>
            <id>ZTF109</id>
            <quantity>28</quantity>
        </item>

    </Facility>

    <Facility id="Norfolk, VA">
        <item>
            <id>MM35P</id>
            <quantity>66</quantity>
        </item>
        <item>
            <id>RL123A</id>
            <quantity>50</quantity>
        </item>
        <item>
            <id>XLK200B</id>
            <quantity>14</quantity>
        </item>

    </Facility>

    <Facility id="Atlanta, GA">
        <item>
            <id>RX100-3</id>
            <quantity>90</quantity>
        </item>
        <item>
            <id>E241i</id>
            <quantity>32</quantity>
        </item>
        <item>
            <id>PU238</id>
            <quantity>120</quantity>
        </item>

    </Facility>

    <Facility id="Miami, FL">
        <item>
            <id>MM35P</id>
            <quantity>16</quantity>
        </item>
        <item>
            <id>JBL3100</id>
            <quantity>44</quantity>
        </item>
        <item>
            <id>SR71-D</id>
            <quantity>15</quantity>
        </item>
    </Facility>

    <Facility id="Boise, ID">
        <item>
            <id>PL132-C</id>
            <quantity>7</quantity>
        </item>
        <item>
            <id>CT1928</id>
            <quantity>20</quantity>
        </item>
        <item>
            <id>XTP202</id>
            <quantity>25</quantity>
        </item>
    </Facility>


    <Facility id="Columbus, OH">
        <item>
            <id>CR2032</id>
            <quantity>85</quantity>
        </item>
        <item>
            <id>PL132-C</id>
            <quantity>2</quantity>
        </item>
        <item>
            <id>E241i</id>
            <quantity>45</quantity>
        </item>
        <item>
            <id>RX100-3</id>
            <quantity>125</quantity>
        </item>

    </Facility>
</InventoryContent>