<?xml version="1.0" encoding="UTF-8"?>

<OrderContent>


    <Order id="TO-001">
        <time>1</time>
        <dest>Miami, FL</dest>
        <item>
            <id>ABC123</id>
            <quantity>180</quantity>
        </item>
        <item>
            <id>CR2032</id>
            <quantity>320</quantity>
        </item>

    </Order>

    <Order id="TO-002">
        <time>1</time>
        <dest>Boston, MA</dest>
        <item>
            <id>PL132-C</id>
            <quantity>5</quantity>
        </item>
        <item>
            <id>XLK200B</id>
            <quantity>120</quantity>
        </item>

    </Order>

    <Order id="TO-003">
        <time>4</time>
        <dest>Seattle, WA</dest>
        <item>
            <id>XTP202</id>
            <quantity>100</quantity>
        </item>
        <item>
            <id>E241i</id>
            <quantity>105</quantity>
        </item>

    </Order>

    <Order id="TO-004">
        <time>10</time>
        <dest>Phoenix, AZ</dest>
        <item>
            <id>CR2032</id>
            <quantity>200</quantity>
        </item>
        <item>
            <id>SR71-D</id>
            <quantity>85</quantity>
        </item>

    </Order>

    <Order id="TO-005">
        <time>7</time>
        <dest>Chicago, IL</dest>
        <item>
            <id>XLK200B</id>
            <quantity>120</quantity>
        </item>
        <item>
            <id>RX100-3</id>
            <quantity>200</quantity>
        </item>

    </Order>

    <Order id="TO-006">
        <time>8</time>
        <dest>Denver, CO</dest>
        <item>
            <id>CT1928</id>
            <quantity>120</quantity>
        </item>

    </Order>

    <Order id="TO-007">
        <time>8</time>
        <dest>Columbus, OH</dest>
        <item>
            <id>PL132-C</id>
            <quantity>3</quantity>
        </item>
        <item>
            <id>E241i</id>
            <quantity>75</quantity>
        </item>

    </Order>

    <Order id="TO-008">
        <time>9</time>
        <dest>Denver, CO</dest>
        <item>
            <id>SN-241-L</id>
            <quantity>27</quantity>
        </item>
        <item>
            <id>RL123A</id>
            <quantity>70</quantity>
        </item>
    </Order>

    <Order id="TO-009">
        <time>10</time>
        <dest>Boise, ID</dest>
        <item>
            <id>JBL3100</id>
            <quantity>45</quantity>
        </item>
        <item>
            <id>MM35P</id>
            <quantity>120</quantity>
        </item>

    </Order>

</OrderContent>